season,week,completed_games,accuracy,brier
2025,5,14,0.35714285714285715,0.3307071428571429
