season,week,completed_games,accuracy,brier
2025,1,16,0.625,0.23266875
2025,2,16,0.875,0.18755
2025,3,16,0.625,0.2276625
2025,4,16,0.5625,0.21271875
2025,5,14,0.3571428571428571,0.3307071428571429
2025,6,15,0.6,0.2341866666666666
2025,7,15,0.6666666666666666,0.1693666666666667
2025,10,14,0.6428571428571429,0.2310071428571428
2025,11,15,0.7333333333333333,0.21087999999999998
