season,week,completed_games,accuracy,brier
2025,1,16,0.625,0.23266875
2025,2,16,0.875,0.18755
2025,3,16,0.625,0.2276625
